{
  "properties": {
    "connectionReferences": {},
    "definition": {
      "$schema": "https://schema.management.azure.com/providers/Microsoft.Logic/schemas/2016-06-01/workflowdefinition.json#",
      "contentVersion": "undefined",
      "parameters": {
        "$authentication": {
          "defaultValue": {},
          "type": "SecureObject"
        },
        "$connections": {
          "defaultValue": {},
          "type": "Object"
        }
      },
      "triggers": {
        "manual": {
          "type": "Request",
          "kind": "PowerAppV2",
          "inputs": {
            "schema": {
              "type": "object",
              "properties": {},
              "required": []
            }
          }
        }
      },
      "actions": {
        "Actions__à_executer": {
          "type": "Scope",
          "actions": {
            "Délai": {
              "type": "Wait",
              "inputs": {
                "interval": {
                  "count": 5,
                  "unit": "Second"
                }
              }
            },
            "Message_-_Générer_une_erreur_-_Division_par_0": {
              "type": "Compose",
              "inputs": "@div(1,0)",
              "runAfter": {
                "Délai": [
                  "SUCCEEDED"
                ]
              }
            }
          },
          "runAfter": {}
        },
        "Répondre_à_une_Power_App_ou_un_flux_-_Succès": {
          "type": "Response",
          "kind": "PowerApp",
          "inputs": {
            "schema": {
              "type": "object",
              "properties": {
                "code": {
                  "title": "Code",
                  "type": "number",
                  "x-ms-content-hint": "NUMBER",
                  "x-ms-dynamically-added": true
                },
                "message": {
                  "title": "Message",
                  "type": "string",
                  "x-ms-content-hint": "TEXT",
                  "x-ms-dynamically-added": true
                }
              },
              "additionalProperties": {}
            },
            "statusCode": 200,
            "body": {
              "code": 200,
              "message": "Ok"
            }
          },
          "runAfter": {
            "Actions__à_executer": [
              "Succeeded"
            ]
          }
        },
        "Répondre_à_une_Power_App_ou_un_flux_-_Echec": {
          "type": "Response",
          "kind": "PowerApp",
          "inputs": {
            "schema": {
              "type": "object",
              "properties": {
                "code": {
                  "title": "Code",
                  "type": "number",
                  "x-ms-content-hint": "NUMBER",
                  "x-ms-dynamically-added": true
                },
                "message": {
                  "title": "Message",
                  "type": "string",
                  "x-ms-content-hint": "TEXT",
                  "x-ms-dynamically-added": true
                }
              },
              "additionalProperties": {}
            },
            "statusCode": 200,
            "body": {
              "code": 500,
              "message": "Une erreur s'est produite"
            }
          },
          "runAfter": {
            "Actions__à_executer": [
              "TimedOut",
              "Failed",
              "Skipped"
            ]
          }
        }
      }
    },
    "templateName": null
  },
  "schemaVersion": "1.0.0.0"
}