<ImportExportXml xmlns:xsi="http://www.w3.org/2001/XMLSchema-instance" OrganizationVersion="9.2.24092.162" OrganizationSchemaType="Standard" CRMServerServiceabilityVersion="9.2.24092.00162">
  <Entities></Entities>
  <Roles></Roles>
  <Workflows>
    <Workflow WorkflowId="{bb3004b8-ce74-ef11-ac20-00224838aa68}" Name="DEMO - Chargement Incrémentiel - Etape 1">
      <JsonFileName>/Workflows/DEMO-ChargementIncrmentiel-Etape1-BB3004B8-CE74-EF11-AC20-00224838AA68.json</JsonFileName>
      <Type>1</Type>
      <Subprocess>0</Subprocess>
      <Category>5</Category>
      <Mode>0</Mode>
      <Scope>4</Scope>
      <OnDemand>0</OnDemand>
      <TriggerOnCreate>0</TriggerOnCreate>
      <TriggerOnDelete>0</TriggerOnDelete>
      <AsyncAutodelete>0</AsyncAutodelete>
      <SyncWorkflowLogOnFailure>0</SyncWorkflowLogOnFailure>
      <StateCode>1</StateCode>
      <StatusCode>2</StatusCode>
      <RunAs>1</RunAs>
      <IsTransacted>1</IsTransacted>
      <IntroducedVersion>1.0.0.0</IntroducedVersion>
      <IsCustomizable>1</IsCustomizable>
      <BusinessProcessType>0</BusinessProcessType>
      <IsCustomProcessingStepAllowedForOtherPublishers>1</IsCustomProcessingStepAllowedForOtherPublishers>
      <PrimaryEntity>none</PrimaryEntity>
      <LocalizedNames>
        <LocalizedName languagecode="1036" description="DEMO - Chargement Incrémentiel - Etape 1" />
      </LocalizedNames>
    </Workflow>
    <Workflow WorkflowId="{b6ca706d-cf74-ef11-ac20-00224838aa68}" Name="DEMO - Chargement Incrémentiel - Etape 2">
      <JsonFileName>/Workflows/DEMO-ChargementIncrmentiel-Etape2-B6CA706D-CF74-EF11-AC20-00224838AA68.json</JsonFileName>
      <Type>1</Type>
      <Subprocess>0</Subprocess>
      <Category>5</Category>
      <Mode>0</Mode>
      <Scope>4</Scope>
      <OnDemand>0</OnDemand>
      <TriggerOnCreate>0</TriggerOnCreate>
      <TriggerOnDelete>0</TriggerOnDelete>
      <AsyncAutodelete>0</AsyncAutodelete>
      <SyncWorkflowLogOnFailure>0</SyncWorkflowLogOnFailure>
      <StateCode>1</StateCode>
      <StatusCode>2</StatusCode>
      <RunAs>1</RunAs>
      <IsTransacted>1</IsTransacted>
      <IntroducedVersion>1.0.0.0</IntroducedVersion>
      <IsCustomizable>1</IsCustomizable>
      <BusinessProcessType>0</BusinessProcessType>
      <IsCustomProcessingStepAllowedForOtherPublishers>1</IsCustomProcessingStepAllowedForOtherPublishers>
      <PrimaryEntity>none</PrimaryEntity>
      <LocalizedNames>
        <LocalizedName languagecode="1036" description="DEMO - Chargement Incrémentiel - Etape 2" />
      </LocalizedNames>
    </Workflow>
    <Workflow WorkflowId="{bcad8573-cf74-ef11-ac20-00224838aa68}" Name="DEMO - Chargement Incrémentiel - Etape 3">
      <JsonFileName>/Workflows/DEMO-ChargementIncrmentiel-Etape3-BCAD8573-CF74-EF11-AC20-00224838AA68.json</JsonFileName>
      <Type>1</Type>
      <Subprocess>0</Subprocess>
      <Category>5</Category>
      <Mode>0</Mode>
      <Scope>4</Scope>
      <OnDemand>0</OnDemand>
      <TriggerOnCreate>0</TriggerOnCreate>
      <TriggerOnDelete>0</TriggerOnDelete>
      <AsyncAutodelete>0</AsyncAutodelete>
      <SyncWorkflowLogOnFailure>0</SyncWorkflowLogOnFailure>
      <StateCode>1</StateCode>
      <StatusCode>2</StatusCode>
      <RunAs>1</RunAs>
      <IsTransacted>1</IsTransacted>
      <IntroducedVersion>1.0.0.0</IntroducedVersion>
      <IsCustomizable>1</IsCustomizable>
      <BusinessProcessType>0</BusinessProcessType>
      <IsCustomProcessingStepAllowedForOtherPublishers>1</IsCustomProcessingStepAllowedForOtherPublishers>
      <PrimaryEntity>none</PrimaryEntity>
      <LocalizedNames>
        <LocalizedName languagecode="1036" description="DEMO - Chargement Incrémentiel - Etape 3" />
      </LocalizedNames>
    </Workflow>
    <Workflow WorkflowId="{6287c27f-cf74-ef11-ac20-00224838aa68}" Name="DEMO - Chargement Incrémentiel - Etape ERREUR">
      <JsonFileName>/Workflows/DEMO-ChargementIncrmentiel-EtapeERREUR-6287C27F-CF74-EF11-AC20-00224838AA68.json</JsonFileName>
      <Type>1</Type>
      <Subprocess>0</Subprocess>
      <Category>5</Category>
      <Mode>0</Mode>
      <Scope>4</Scope>
      <OnDemand>0</OnDemand>
      <TriggerOnCreate>0</TriggerOnCreate>
      <TriggerOnDelete>0</TriggerOnDelete>
      <AsyncAutodelete>0</AsyncAutodelete>
      <SyncWorkflowLogOnFailure>0</SyncWorkflowLogOnFailure>
      <StateCode>1</StateCode>
      <StatusCode>2</StatusCode>
      <RunAs>1</RunAs>
      <IsTransacted>1</IsTransacted>
      <IntroducedVersion>1.0.0.0</IntroducedVersion>
      <IsCustomizable>1</IsCustomizable>
      <BusinessProcessType>0</BusinessProcessType>
      <IsCustomProcessingStepAllowedForOtherPublishers>1</IsCustomProcessingStepAllowedForOtherPublishers>
      <PrimaryEntity>none</PrimaryEntity>
      <LocalizedNames>
        <LocalizedName languagecode="1036" description="DEMO - Chargement Incrémentiel - Etape ERREUR" />
      </LocalizedNames>
    </Workflow>
  </Workflows>
  <FieldSecurityProfiles></FieldSecurityProfiles>
  <Templates />
  <EntityMaps />
  <EntityRelationships />
  <OrganizationSettings />
  <optionsets />
  <CustomControls />
  <EntityDataProviders />
  <CanvasApps>
    <CanvasApp>
      <Name>qre_chargementincrmentieldmo_66c0e</Name>
      <AppVersion>2024-09-25T06:43:58Z</AppVersion>
      <Status>Ready</Status>
      <CreatedByClientVersion>3.24092.16.0</CreatedByClientVersion>
      <MinClientVersion>3.24092.16.0</MinClientVersion>
      <Tags>{"primaryDeviceWidth":"1366","primaryDeviceHeight":"768","supportsPortrait":"true","supportsLandscape":"true","primaryFormFactor":"Tablet","showStatusBar":"false","publisherVersion":"3.24092.16","minimumRequiredApiVersion":"2.2.0","hasComponent":"false","hasUnlockedComponent":"false","isUnifiedRootApp":"false","sienaVersion":"20240911T145629Z-3.24091.13.0"}</Tags>
      <IsCdsUpgraded>0</IsCdsUpgraded>
      <GalleryItemId xsi:nil="true"></GalleryItemId>
      <BackgroundColor>RGBA(0,176,240,1)</BackgroundColor>
      <DisplayName>DEMO - Chargement Incrémentiel - App</DisplayName>
      <Description xsi:nil="true"></Description>
      <CommitMessage xsi:nil="true"></CommitMessage>
      <Publisher xsi:nil="true"></Publisher>
      <AuthorizationReferences>[]</AuthorizationReferences>
      <ConnectionReferences>{"66228a8e-5ecc-4524-9bfb-d3a1495560dc":{"id":"/providers/microsoft.powerapps/apis/shared_logicflows","displayName":"Flux logiques","iconUri":"https://connectoricons-prod.azureedge.net/releases/v1.0.1697/1.0.1697.3780/logicflows/icon.png","dataSources":["DEMO-ChargementIncrémentiel-Etape1"],"dependencies":[],"dependents":[],"parameterHints":{"workflowName":{"value":"d840e5ca-a1aa-478b-a4e6-eddc427bbb27"},"workflowEntityId":{"value":"bb3004b8-ce74-ef11-ac20-00224838aa68"},"workflowDisplayName":{"value":"DEMO - Chargement Incrémentiel - Etape 1"}},"parameterHintsV2":{"workflowName":{"value":"d840e5ca-a1aa-478b-a4e6-eddc427bbb27"},"workflowEntityId":{"value":"bb3004b8-ce74-ef11-ac20-00224838aa68"},"workflowDisplayName":{"value":"DEMO - Chargement Incrémentiel - Etape 1"}},"isOnPremiseConnection":false,"bypassConsent":false,"dataSets":{},"apiTier":"Standard","actions":["Run"]},"018d8206-fa05-496a-a407-19afd0050e53":{"id":"/providers/microsoft.powerapps/apis/shared_logicflows","displayName":"Flux logiques","iconUri":"https://connectoricons-prod.azureedge.net/releases/v1.0.1697/1.0.1697.3780/logicflows/icon.png","dataSources":["DEMO-ChargementIncrémentiel-Etape2"],"dependencies":[],"dependents":[],"parameterHints":{"workflowName":{"value":"5bbc839c-3182-47fa-98db-af854b35edac"},"workflowEntityId":{"value":"b6ca706d-cf74-ef11-ac20-00224838aa68"},"workflowDisplayName":{"value":"DEMO - Chargement Incrémentiel - Etape 2"}},"parameterHintsV2":{"workflowName":{"value":"5bbc839c-3182-47fa-98db-af854b35edac"},"workflowEntityId":{"value":"b6ca706d-cf74-ef11-ac20-00224838aa68"},"workflowDisplayName":{"value":"DEMO - Chargement Incrémentiel - Etape 2"}},"isOnPremiseConnection":false,"bypassConsent":false,"dataSets":{},"apiTier":"Standard","actions":["Run"]},"0645a82f-15ab-4dd7-99fd-0bf771f28c98":{"id":"/providers/microsoft.powerapps/apis/shared_logicflows","displayName":"Flux logiques","iconUri":"https://connectoricons-prod.azureedge.net/releases/v1.0.1697/1.0.1697.3780/logicflows/icon.png","dataSources":["DEMO-ChargementIncrémentiel-Etape3"],"dependencies":[],"dependents":[],"parameterHints":{"workflowName":{"value":"dd4e25ff-3a72-4ad0-b857-56a2c8adaa2a"},"workflowEntityId":{"value":"bcad8573-cf74-ef11-ac20-00224838aa68"},"workflowDisplayName":{"value":"DEMO - Chargement Incrémentiel - Etape 3"}},"parameterHintsV2":{"workflowName":{"value":"dd4e25ff-3a72-4ad0-b857-56a2c8adaa2a"},"workflowEntityId":{"value":"bcad8573-cf74-ef11-ac20-00224838aa68"},"workflowDisplayName":{"value":"DEMO - Chargement Incrémentiel - Etape 3"}},"isOnPremiseConnection":false,"bypassConsent":false,"dataSets":{},"apiTier":"Standard","actions":["Run"]},"ab432341-3497-4227-88b5-5f5a7b029603":{"id":"/providers/microsoft.powerapps/apis/shared_logicflows","displayName":"Flux logiques","iconUri":"https://connectoricons-prod.azureedge.net/releases/v1.0.1697/1.0.1697.3780/logicflows/icon.png","dataSources":["DEMO-ChargementIncrémentiel-EtapeERREUR"],"dependencies":[],"dependents":[],"parameterHints":{"workflowName":{"value":"72f0c37e-3d03-4185-b148-c327f5bbb965"},"workflowEntityId":{"value":"6287c27f-cf74-ef11-ac20-00224838aa68"},"workflowDisplayName":{"value":"DEMO - Chargement Incrémentiel - Etape ERREUR"}},"parameterHintsV2":{"workflowName":{"value":"72f0c37e-3d03-4185-b148-c327f5bbb965"},"workflowEntityId":{"value":"6287c27f-cf74-ef11-ac20-00224838aa68"},"workflowDisplayName":{"value":"DEMO - Chargement Incrémentiel - Etape ERREUR"}},"isOnPremiseConnection":false,"bypassConsent":false,"dataSets":{},"apiTier":"Standard","actions":["Run"]}}</ConnectionReferences>
      <DatabaseReferences>{}</DatabaseReferences>
      <AppComponents>[]</AppComponents>
      <AppComponentDependencies>[]</AppComponentDependencies>
      <CanConsumeAppPass>1</CanConsumeAppPass>
      <CanvasAppType>0</CanvasAppType>
      <BypassConsent>0</BypassConsent>
      <AdminControlBypassConsent>0</AdminControlBypassConsent>
      <EmbeddedApp xsi:nil="true"></EmbeddedApp>
      <IntroducedVersion>1.0</IntroducedVersion>
      <CdsDependencies>{"cdsdependencies":[{"dependencyid":"bb3004b8-ce74-ef11-ac20-00224838aa68","componenttype":29,"componenttypeplatformname":"Workflow"},{"dependencyid":"b6ca706d-cf74-ef11-ac20-00224838aa68","componenttype":29,"componenttypeplatformname":"Workflow"},{"dependencyid":"bcad8573-cf74-ef11-ac20-00224838aa68","componenttype":29,"componenttypeplatformname":"Workflow"},{"dependencyid":"6287c27f-cf74-ef11-ac20-00224838aa68","componenttype":29,"componenttypeplatformname":"Workflow"}]}</CdsDependencies>
      <IsCustomizable>1</IsCustomizable>
      <BackgroundImageUri>/CanvasApps/qre_chargementincrmentieldmo_66c0e_BackgroundImageUri</BackgroundImageUri>
      <DocumentUri>/CanvasApps/qre_chargementincrmentieldmo_66c0e_DocumentUri.msapp</DocumentUri>
      <AdditionalUris>
        <AdditionalUri>/CanvasApps/qre_chargementincrmentieldmo_66c0e_AdditionalUris0_identity.json</AdditionalUri>
      </AdditionalUris>
    </CanvasApp>
  </CanvasApps>
  <Languages>
    <Language>1036</Language>
  </Languages>
</ImportExportXml>