{"__Version":"0.1","App":"904c0a1b-582e-4fe4-82be-87ccb370b03a","Test_7F478737223C4B69":"18be2aad-9ec1-4658-af1b-bbe8c24559fd","Host":"12b4c5cc-900b-4612-b110-1c4cf34df6d6","ECRAN_DEMO":"2edd5545-2125-43d2-8516-1804b92336ac","ctn_main_ECRAN_DEMO":"efc1b288-0426-4000-a0d5-b90558a5d2e5","ctn_btns_ECRAN_DEMO":"b5c135c2-617f-421f-abfe-16b7ecf04254","btn_lancement_succes_ECRAN_DEMO":"ad2f4d91-eac1-4037-a682-6cf923d56f67","btn_lancement_echec_ECRAN_DEMO":"71728391-fa80-4191-aa1e-940609c97ea0","btn_reinitialiser__ECRAN_DEMO":"2b3417bf-646b-4ab2-a1d2-907a2cfc85f7","ctn_loader_ECRAN_DEMO":"97638b79-a57e-4180-9825-37dc5b7d8b6d","icn_loader_suivi_procedure__ECRAN_DEMO":"653601bf-0046-4a44-9322-1a772dc4574b","prg_suivi_procedure__ECRAN_DEMO":"b3463e63-809f-4aa4-933f-c70bf1bbe1dc","icn_etat_suivi_procedure__ECRAN_DEMO":"89471976-3f3c-4480-ab8e-cc4e44eb703b","txt_etape_suivi_procedure__ECRAN_DEMO":"2f6a8037-d645-46c8-a123-9feedfb6278b"}