{"schemaVersion":"1.0","appDefinitionTemplate":{"id":"/providers/Microsoft.PowerApps/apps/","type":"Microsoft.PowerApps/apps","tags":{"primaryDeviceWidth":"1615","primaryDeviceHeight":"885","supportsPortrait":"true","supportsLandscape":"true","primaryFormFactor":"Tablet","showStatusBar":"false","publisherVersion":"3.23121.20","minimumRequiredApiVersion":"2.2.0","hasComponent":"true","hasUnlockedComponent":"true","isUnifiedRootApp":"false","sienaVersion":"20231214T132134Z-3.23121.20.0","offlineLargeFilesSupport":"false"},"properties":{"appVersion":"2023-12-14T13:21:34Z","lifeCycleId":"Published","createdByClientVersion":{"major":3,"minor":23121,"build":20,"revision":0,"majorRevision":0,"minorRevision":0},"minClientVersion":{"major":3,"minor":23121,"build":20,"revision":0,"majorRevision":0,"minorRevision":0},"backgroundColor":"rgba(0, 0, 0, 1)","backgroundImageUri":"/1931278295173456889/Nbb5341ba-96b2-45b9-96d7-5b46d90cfec3-logoSmallFile","displayName":"POWER BATTLESHIP","description":"POWER BATTLESHIP V1, jeu de bataille navale à 2 joueurs","commitMessage":"","appUris":{"documentUri":{"value":"/1931278295173456889/Nc3f10493-6d74-4252-be2e-c34e13b2d584-document.msapp"},"imageUris":[],"additionalUris":[{"isSolutionAware":false,"value":"/1931278295173456889/Ncda37170-b66a-4b22-848d-4ce00057403b-identity.json"}]},"createdTime":"0001-01-01T00:00:00Z","lastModifiedTime":"0001-01-01T00:00:00Z","sharedGroupsCount":0,"sharedUsersCount":0,"connectionReferences":{},"databaseReferences":{},"almMode":"Environment","performanceOptimizationEnabled":true,"canConsumeAppPass":true,"enableModernRuntimeMode":false,"executionRestrictions":{"isTeamsOnly":false,"dataLossPreventionEvaluationResult":{"status":"Compliant","lastEvaluationDate":"2023-11-02T20:06:54.0806783Z","violations":[],"violationsByPolicy":[],"violationErrorMessage":"L’application utilise les connecteurs suivants : ."}}},"appType":"ClassicCanvasApp","appComponents":[]}}