{"__Version":"0.1","App":"bcbbb687-f29b-46c7-9c11-e5fc70c56859","Test_7F478737223C4B69":"ef9c6d51-76ac-4b15-8597-537e5f9d6323","Host":"8c0b520f-6077-407c-85e8-6512e89f038a","Cockpit_Blur_Background":"649a346e-3919-4862-9227-ca98b5be3bf5","Cockpit_Blur_Background_Main":"347880e8-c8f2-48bb-bd37-bdfc0a5c061b","img_First_Cockpit_Blur_Background":"683ef752-8acd-42a9-beb1-dcac7203828b","img_Second_Cockpit_Blur_Background":"4aaabd11-0614-4008-86cd-342354462a21","ctn_Cockpit_Blur_Background":"6a353366-9156-4e78-868f-b88de7d73005","html_Cockpit_Blur_Background":"7077956e-924b-4542-8a6f-4e8becc8866a","Game_Blur_Background":"6c5ceeb5-3022-4b31-8d15-ce89af85b322","html_Game_Blur_Background":"43558732-413f-434d-ab51-7560acb3fc96","img_Game_Blur_Background":"b09fb720-7d9a-4f49-9e7c-c2be92bd9916","Home":"a4e23d71-4844-4928-8982-d087116bd9a4","cmp_Home_Cockpit_Blur_Background":"c8be7a44-b986-4b37-8f57-99b1bc742e45","Home_Main":"5d2d97c2-30df-4fa5-a5ca-f8261bc11499","lbl_Home_Title":"9f1d4cf6-219d-4b27-b0d3-38c7c1900642","lbl_Home_Version":"0ecd7ed4-9697-4573-9dd6-e0103f09bafc","btn_Home_Play":"0d46abed-2f7c-4fc1-9037-223578a3e536","Players Settings":"fc07684f-2748-4e10-8ceb-098d9189d8f5","cmp_Players_Settings_Cockpit_Blur_Background":"5d65b5f2-33b2-4d10-bb09-621086900311","Players_Settings_Main":"aca97145-50d4-4718-b50d-9acaf7a458ab","lbl_Players_Settings_Title":"b7e3af53-8f36-4f51-829c-e15d2fc4a54a","Players_Settings_Inputs":"c1e2a27b-497b-477b-b837-5bbab5dac0af","Players_Settings_Inputs_P1":"04d59409-149f-4f25-bf30-ddf470c4672a","lbl_Players_Settings_P1":"2675a6a6-f2e9-4555-8e34-1315ab6dc362","inp_Players_Settings_P1":"a734d0b0-6129-4369-b3bd-4e3eb943cdb8","Players_Settings_Inputs_P2":"8e5076cb-b4b7-4f63-9e2f-decda379a617","lbl_Players_Settings_P2":"882999bd-df0d-4048-9bd4-56fef052a6ce","inp_Players_Settings_P2":"a7d1d162-774f-4b36-ad03-f514f47fbc02","Players_Settings_Buttons":"bcdfff1f-87b4-4ea5-b60d-3ddbc74f1650","btn_Players_Settings_Play":"eb906e9a-bdc9-42d3-a4e5-6a391dfd3c7b","Game Rules":"d91b76a1-b7d0-455b-a68e-d3391ffb465f","cmp_Game_Rules_Cockpit_Blur_Background":"40ed4991-703b-4e6d-b209-e85c528ad8ef","Game_Rules_Main":"989ded72-cd3f-4ce1-8720-dda4b571f32f","lbl_Game_Rules_Title":"d9481c62-b458-411d-9c5a-d04a63800190","lbl_Game_Rules_Content":"e4159326-1363-43c2-bb5a-449c213c9e29","Players_Settings_Inputs_P2_1":"c614a0f4-288d-4c8c-ab2c-6f83bbe4b859","lbl_Game_Rules_Timer":"8f7898c1-2998-4a32-811a-bbef97158a26","Game_Rules_Timer":"e0aacacf-fc68-425d-b960-a934da466f23","inp_Game_Rules_Timer":"ae5e8dcb-19bc-46e7-b7e2-4f81aa43899f","lbl_Game_Rules_Timer_Secondes":"f526d109-01da-483d-aa9a-00c3356230f5","Game_Rules_Buttons":"b510a08a-a4b4-4de8-80e6-fc5bbbe9bd56","btn_Game_Rules_Back":"85c03809-118a-4982-bb12-2697a29601b9","btn_Game_Rules_Play":"a057ea7b-f178-445f-b814-3c6f4b931f22","Ships Settings":"bc6bdada-acd1-44c1-827e-f5d02f0a6d4b","Ships_Settings_Background":"63301263-c566-49fb-b690-f3d80de42882","Ships_Settings_Main":"06f8f669-6257-4b73-a859-5c9f9fcdd2b8","lbl_Ships_Settings_Title":"dea56167-bb33-4526-8ba5-c3c5d56d27cd","gal_Ships_Settings":"c30a956a-64e1-4879-ba4e-aac4b3ab21a2","galleryTemplate1":"a1ff6edc-05f5-4d36-a286-64d1844654ae","Rectangle2":"80580150-9803-4848-ba45-c31001dde234","Icon1":"bcfc5204-c374-4f73-a0a8-fca4c5674431","Title2":"7cb1dca9-1b64-4aaa-9d7d-82dd255aa040","Subtitle2":"7302abdc-0fa0-407b-90c4-5edb768957ca","Ships_Settings_Content":"e86bb1be-6736-48f0-98d2-dcd6296040ed","Ships_Settings_Content_Left":"4ca97cc3-089b-4d31-95cc-3379f8142d5e","Ships_Settings_Content_Bad_Position":"21ca23d3-1bf5-4d78-aa86-fa74be11e813","lbl_Ships_Settings_Content_Bad_Position":"802fd58a-cf6f-4103-95d2-bcb730853250","Ships_Settings_Content_Actions":"c816b78e-e6b4-4a20-9dce-d14f853228a9","Ships_Settings_Content_Actions_Buttons":"38b6d185-c6cd-4257-97cd-da98662e5ec8","btn_Play_7":"43e31ca0-83aa-4d98-87c1-d2d45a27668a","btn_Play_6":"a7a327e9-4a44-4a90-9099-07730ee86fff","btn_Play_5":"c2776b2e-e434-4fd0-8e8e-fd2dd6cd2b36","rec_Ships_Settings_Content_Actions":"b60ea554-ea74-41b6-bbf3-cbe23e73c266","lbl_Ships_Settings_Content_Actions_Mode":"b02a4862-691b-4290-926e-ca06fa41484d","Ships_Settings_Content_Center":"a8adc412-cb5d-4dcd-a9bc-84890148a5b3","gal_Ships_Settings_Board":"bc8a3372-0b80-496d-939a-17cbba94b28b","galleryTemplate2":"aea51fa0-6134-45f6-b722-6fd81a24c672","btn_Ships_Settings_Board":"1270ecb0-f5d5-4eb9-8144-1dced2e8b5fa","btn_Ships_Settings_Validate_Positions":"a834fb06-581d-41d0-ba4e-58cad4860b28","Ships_Settings_Content_Right":"5dd9574a-1ae4-4550-aec1-ce2e6b2b256b","Ships_Settings_Content_Percent":"f0a73f5e-5945-4e2c-8db6-0c726983ffb7","lbl_Ships_Settings_Content_Percent":"6332f656-dffb-4f58-be98-be1fe9f06cc1","Ships_Settings_Content_Percent_Text":"9ef4faeb-355d-4a75-84b2-7fe822487a1d","gal_Ships_Settings_Ships_List":"ade1c680-83e8-491e-9423-d6f91b9d1e8f","lbl_Ships_Settings_Ships_List":"163a2df6-e7b2-4850-bc69-74f38ad62756","galleryTemplate1_1":"e8841ca7-7be3-47ee-ad35-bf23c7877df7","rec_Ships_Settings_Ships_List":"4f873f41-0312-46dc-b7bb-7a8f3d1c64ed","tmr_Ships_Settings":"d188fe2d-a99c-43d2-b635-59b4c5ddcf32","Game":"8c1ec065-c435-4810-839d-c0b7aad7248d","Game_Blur_Background_1":"bfe4d311-1416-438e-91bc-4b0ba77e8389","Game_Main":"08a542be-1802-4ef3-aae8-b7e84dfb33d6","lbl_Ships_Settings_Title_1":"34dbe337-abdd-4106-9491-1f3680f9c48b","Game_Content":"8d228f11-ff26-48a3-9d97-8e48d0520530","Game_Content_Left":"9134287c-39f3-4b0c-821d-6a5bd9f7f2f8","Game_Content_Center":"0fae87da-2c46-45b9-bd0d-a8f6dac763c0","gal_Game_Board":"55115924-55d8-49bc-82b9-a387fdb9b730","galleryTemplate2_1":"d9a8d191-bd59-4fcb-85d3-6e7480712b85","btn_Game_Board":"6a4bb3d1-021a-4fb9-8cba-426ef358bfb8","btn_Game":"a5581306-e01f-48fd-bdcb-5c412b8050bd","Game_Content_Right":"e181388e-2c48-4d31-9a2f-0a6f14345aa7","lbl_Game_Player_Board":"77db44ac-bb90-4ec8-adb1-2f6e1bda5ef9","gal_Game_Player_Board":"825c48cf-700f-46fd-8ce2-b047c22d580e","galleryTemplate2_2":"7463c46c-f3dd-48ba-b97c-eaaf4b8d220f","btn_Game_Board_Player":"5524426f-8229-46ac-9ab0-1b30664c5623","Game_Phase3_Result":"1810f504-368a-4972-a30f-00fa0c4e55c5","lbl_Game_Phase3_Title":"0f7295bc-ccd3-4d21-b2da-bd58b15305ea","lbl_Game_Phase3_Result":"3e80b045-f7cb-4f65-b00b-e7d9abf8c3f2","btn_Game_Phase3":"5a1a88aa-df30-49b0-b0b2-7ad1dc050ed5","tmr_Game":"5847c644-69aa-4c7b-90c3-dea98c134a16","Endgame":"45db8723-44bd-449b-ac72-e5db31b92a49","cmp_Home_Cockpit_Blur_Background_1":"ed840801-dc2b-43e8-b275-ac0470fcc982","Endgame_Main":"ce6835d0-d621-4b31-b845-b18d1ef87ffc","lbl_Endgame_Title":"b13d07e5-4620-432d-8812-7ee2c504f390","Endgame_Players_Scores":"5b65c0c5-144e-4ac6-b404-96a759bb0ce8","Engame_General":"b7cad547-1540-48d4-8a56-6084007ad69f","lbl_Engame_General":"fd38bf7f-2b30-4cb2-b519-6a6b0888c2fe","lbl_Engame_General_Stats":"5049f40b-497f-4fd4-a740-de972c0339fd","Engame_Player1":"eb4a5246-56e4-4eb9-ab19-1181e122b027","lbl_Engame_Player1":"9dc57010-f04e-4d68-b0ca-b07d38d5c0cc","lbl_Engame_Player1_Stats":"fd739cfa-1a7d-4770-a019-b62db166d1a6","Engame_Player2":"542a03a1-59c6-4da3-b0d2-3167dce970d2","lbl_Engame_Player2":"2961c5f9-bd24-4121-814a-57dc7a8c8179","lbl_Engame_Player2_Stats":"37e6cd3c-03ce-436b-b8a6-a6b9403e0eee","btn_Endgame_Play":"5fc2f6b4-529f-4269-ae9b-9054f5f4b55e"}